Wavelength,Intensity,Absorbance,Reflectance
900.6819491707317,3257,0.9523122,0.11160607
903.3066843684759,747,1.6090813,0.024599072
904.6183269822865,3051,1.0058675,0.09865804
905.9294862727229,6194,0.70578754,0.19688493
907.2401622397853,3205,0.9986156,0.10031927
908.5503548834732,2558,1.1028053,0.078921385
909.8600642037869,4079,0.90604776,0.12415157
912.4780328742918,6242,0.73620623,0.18356664
913.7862922244827,5218,0.82080567,0.1510756
915.0940682512995,6593,0.72761995,0.18723199
916.4013609547422,6054,0.7725194,0.16884203
917.7081703348105,4665,0.8930484,0.12792388
919.0144963915046,4034,0.9661126,0.10811535
921.6256985347701,4986,0.89978933,0.12595361
922.9305746213415,5900,0.84673536,0.14231957
924.2349673845387,6860,0.8006149,0.15826508
925.5388768243616,6976,0.8120505,0.15415213
926.8423029408103,3234,1.1658826,0.068252325
928.1452457338847,5705,0.93864775,0.115173414
929.447705203585,9113,0.75389636,0.17623965
932.0511741728627,7158,0.89533085,0.12725334
933.3521836724401,10382,0.751283,0.17730339
934.6527098486436,9611,0.80105644,0.15810426
935.9527527014725,7777,0.90883857,0.123356335
937.2523122309273,7154,0.96051717,0.10951732
938.551388437008,11360,0.773919,0.1682988
941.1480908790463,10608,0.8259183,0.1493075
942.4457171150042,8192,0.9481385,0.1126838
943.7428600275879,8632,0.93514615,0.11610577
945.0395196167972,9201,0.91691,0.121084906
946.3356958826324,10289,0.87731504,0.1326432
947.6313888250934,11188,0.8496765,0.141359
950.2213247398925,9268,0.9478858,0.11274939
951.5155677122307,9345,0.95203197,0.1116781
952.8093273611947,10837,0.8952858,0.12726654
954.1026036867844,12250,0.84949714,0.1414174
955.3953966889999,9969,0.9465313,0.11310159
956.6877063678413,11904,0.87689126,0.13277268
957.9795327233082,11710,0.8912903,0.12844278
960.5617354641197,11087,0.93061316,0.117323995
961.852111849464,12174,0.897674,0.12656859
963.142004911434,13630,0.8558963,0.13934895
964.4314146500299,12741,0.8923576,0.12812752
965.7203410652517,11047,0.9613736,0.10930157
967.008784157099,13253,0.8892605,0.1290445
969.5842203706711,14254,0.87122977,0.13451484
970.8712134923958,13500,0.9012161,0.12554052
972.1577232907462,11892,0.96258974,0.10899592
973.4437497657224,13631,0.9095218,0.12316241
974.7292929173244,14003,0.90362465,0.124846205
976.0143527455522,13658,0.92018235,0.12017598
978.583022431885,12897,0.9562136,0.110607974
979.86663228999,11705,1.0036762,0.0991571
981.1497588247207,13955,0.9326053,0.11678704
982.4324020360773,14131,0.9317286,0.117023036
983.7145619240597,13888,0.94378775,0.11381834
984.9962384886677,13197,0.9704315,0.107045524
986.2774317299017,15935,0.89261144,0.12805265
988.8383682422467,15591,0.91009796,0.122999124
990.1181115133578,14153,0.9554818,0.1107945
991.3973714610947,15150,0.92925364,0.117691845
992.6761480854575,13427,0.98500115,0.10351394
993.9544413864459,15191,0.9340441,0.11640078
995.2322513640601,16785,0.89334667,0.12783603
997.7864213491658,15740,0.926141,0.11853838
999.0627813566573,18621,0.85538393,0.13951345
1000.3386580407746,17356,0.8881669,0.12936985
1001.6140514015177,14472,0.9686068,0.10749621
1002.8889614388864,14690,0.9636271,0.10873588
1004.163388152881,19043,0.85242504,0.14046721
1006.7107916107475,18188,0.87499756,0.13335289
1007.9837683546192,15304,0.9510874,0.11192125
1009.256261775117,16547,0.91828334,0.12070261
1010.5282718722403,17962,0.8833127,0.13082397
1011.7997986459894,17503,0.8952186,0.12728621
1013.0708420963643,16030,0.93406034,0.11639643
1014.3414022233651,15432,0.95100975,0.11194127
1016.8810725072437,14913,0.9666475,0.10798228
1018.1501826641218,16416,0.9248603,0.11888846
1019.4188094976255,17693,0.8922444,0.12816092
1020.6869530077549,13617,1.0058826,0.09865461
1021.9546131945103,17283,0.9022285,0.12524821
1023.2217900578913,17283,0.902112,0.1252818
1025.7546938145306,16773,0.9145471,0.121745504
1027.020420707789,17209,0.90294486,0.12504178
1028.285664277673,20102,0.83500344,0.14621657
1029.5504245241827,19090,0.8570259,0.13898697
1030.8147014473186,16427,0.92186546,0.11971112
1032.07849504708,15622,0.94327545,0.113952674
1034.60463227648,17766,0.88690895,0.12974513
1035.8669759061188,18308,0.87362295,0.13377565
1037.1288362123832,17677,0.88822967,0.12935115
1038.3902131952732,15740,0.9380102,0.11534262
1039.6511068547893,16377,0.92015314,0.12018405
1040.9115171909311,17839,0.8824046,0.13109778
1042.1714442036987,19060,0.85303587,0.1402698
1044.689848259111,16429,0.91646594,0.121208765
1045.9483253017556,18479,0.8649338,0.13647912
1047.2063190210263,18400,0.86632586,0.13604236
1048.4638294169226,17567,0.88591915,0.13004115
1049.7208564894447,17539,0.88608116,0.12999266
1050.9774002385925,20201,0.823998,0.14996919
1053.4890377667657,19344,0.84137124,0.14408831
1054.7441315457909,16995,0.8969748,0.12677254
1055.9987420014418,16838,0.9003798,0.1257825
1057.2528691337184,15917,0.92424744,0.119056344
1058.5065129426207,18007,0.87010497,0.13486369
1059.759673428149,20385,0.8156725,0.15287183
1062.264544429083,17373,0.8842478,0.13054259
1063.516254944488,14866,0.9514975,0.11181563
1064.7674821365194,17528,0.87943953,0.1319959
1066.0182260051765,20765,0.8053164,0.15656102
1067.2684865504593,17289,0.8843575,0.13050961
1068.5182637723678,19163,0.8395557,0.14469193
1069.7675576709023,19083,0.8418019,0.14394552
1072.2646954978482,18416,0.85876733,0.13843077
1073.51253942626,16640,0.90357584,0.12486024
1074.759900031297,16559,0.90646017,0.124033734
1076.0067773129604,18384,0.8621427,0.13735907
1077.2531712712494,20197,0.8223815,0.15052842
1078.499081906164,19065,0.8485113,0.14173879
1080.9894532058706,19868,0.8324755,0.14707014
1082.2339138706625,19872,0.8333226,0.14678358
1083.4778912120803,18728,0.8599764,0.13804592
1084.7213852301238,16676,0.91127133,0.12266725
1085.964395924793,18399,0.86946577,0.13506232
1087.206923296088,19603,0.84309953,0.14351605
1089.6905280685555,20541,0.82496357,0.14963612
1090.9316054697279,16640,0.91772383,0.12085821
1092.172199547526,19489,0.850379,0.14113055
1093.4123103019497,19588,0.84946597,0.14142756
1094.6519377329992,19150,0.86040527,0.13790968
1095.8910818406748,17435,0.9022672,0.12523705
1097.1297426249757,18156,0.8857812,0.13008247
1099.6056142234556,19482,0.85753554,0.13882397
1100.842825037634,20146,0.8441608,0.14316577
1102.0795525284382,17147,0.9153358,0.1215246
1103.3157966958684,20810,0.83249354,0.14706402
1104.551557539924,20355,0.8433327,0.14343901
1105.7868350606054,19067,0.8729866,0.1339718
1108.2559401318458,17592,0.91065204,0.1228423
1109.4897676824044,20861,0.8379766,0.145219
1110.723111909589,20621,0.84412813,0.14317653
1111.9559728133995,19341,0.87307924,0.13394323
1113.1883503938354,19483,0.87102276,0.13457899
1114.4202446508973,16823,0.93603325,0.11586886
1115.651655584585,19174,0.8804815,0.13167961
1118.1130274818374,22097,0.82112175,0.15096569
1119.3429884454022,18010,0.910949,0.12275835
1120.572466085593,17799,0.91706944,0.12104046
1121.8014604024095,19420,0.88015395,0.13177894
1123.0299713958516,20595,0.8555775,0.13945127
1124.2579990659196,19901,0.8709817,0.13459171
1126.712604435933,16160,0.9625299,0.10901094
1127.9391821358781,18672,0.9003367,0.12579498
1129.1652765124493,21568,0.83830243,0.14511007
1130.3908875656462,16236,0.9622173,0.10908944
1131.6160152954685,19215,0.8896362,0.12893291
1132.840659701917,19205,0.8903487,0.12872157
1135.2884985446908,18534,0.9067592,0.12394837
1136.5116929810165,16605,0.9550032,0.11091666
1137.734404093968,15071,0.9976161,0.10055042
1138.956631883545,17228,0.94003874,0.11480512
1140.1783763497479,19782,0.88060784,0.13164128
1141.3996374925766,17684,0.92997617,0.1174962
1142.6204153120311,16039,0.97308004,0.10639469
1145.0605209808173,16824,0.95373166,0.111241885
1146.279848830149,17536,0.93642765,0.115763694
1147.4986933561063,14779,1.0114121,0.09740649
1148.7170545586896,15041,1.0046011,0.09894614
1149.9349324378986,16165,0.97412133,0.1061399
1151.1523269937334,17337,0.94454074,0.11362117
1153.5856661352805,14464,1.0252962,0.09434172
1154.8016107209924,13742,1.0485646,0.089420155
1156.0170719833304,15343,1.0017091,0.09960723
1157.2320499222938,16883,0.96117234,0.10935223
1158.4465445378833,14705,1.0221572,0.095026076
1159.6605558300985,12704,1.0863408,0.08197081
1162.087128444406,14397,1.033151,0.09265075
1163.2996897664984,16502,0.97439766,0.10607239
1164.5117677652167,13463,1.0633001,0.08643703
1165.7233624405608,11884,1.1179866,0.07621027
1166.9344737925303,14048,1.0459692,0.089956135
1168.145101821126,16784,0.96931905,0.10732007
1169.3552465263472,12387,1.1018783,0.07909002
1171.774085966667,17507,0.9535915,0.11127778
1172.9827807017655,16330,0.98478764,0.103564836
1174.1909921134898,13653,1.063561,0.086385146
1175.39872020184,14747,1.0310926,0.09309093
1176.605964966816,16105,0.9936299,0.101477586
1177.8127264084173,16022,0.99673504,0.10075462
1180.2247993214978,15042,1.0258497,0.094221555
1181.4301107929768,16415,0.98919654,0.10251878
1182.6349389410816,12704,1.1017725,0.079109274
1183.839283765812,14678,1.04031,0.091136
1185.0431452671683,16870,0.9813988,0.10437612
1186.2465234451502,12566,1.1108431,0.07747417
1188.6518298309913,17299,0.9752895,0.10585478
1189.8537580388506,16236,1.004574,0.09895233
1191.0552029233359,14131,1.0666077,0.08578123
1192.2561644844463,17049,0.9867972,0.10308674
1193.456642722183,12024,1.1399937,0.07244465
1194.6566376365454,14376,1.0641907,0.08625997
1195.8561492275335,17374,0.9837077,0.103822686
1198.2537224393868,16801,1.0025387,0.09941714
1199.4517840602523,12822,1.1220305,0.075503916
1200.6493623577435,14971,1.0571252,0.08767481
1201.8464573318602,17751,0.9855247,0.103389226
1203.043068982603,13468,1.1078006,0.07801883
1204.2391973099716,18487,0.9725006,0.10653674
1206.6300039945854,17435,1.0024269,0.09944276
1207.8246823518314,15027,1.0691953,0.08527167
1209.0188773857028,14909,1.074824,0.08417362
1210.2125890962002,16381,1.0360601,0.092032224
1211.405817483323,16587,1.0325243,0.09278455
1212.5985625470719,16284,1.042405,0.090697445
1214.982602704447,14290,1.1028862,0.078906685
1216.1738977980729,17018,1.0288883,0.093564615
1217.3647095683248,17402,1.0210586,0.095266774
1218.5550380152022,16896,1.0357196,0.092104405
1219.7448831387057,15104,1.08624,0.08198982
1220.9342449388348,12918,1.1559459,0.06983194
1222.1231234155898,16038,1.0637388,0.08634976
1224.499430398977,19988,0.971562,0.10676723
1225.686858905609,16113,1.0671108,0.08568192
1226.873804088867,20711,0.960024,0.10964176
1228.0602659487508,19747,0.9826532,0.1040751
1229.2462444852604,17193,1.0448077,0.09019705
1230.4317396983956,18901,1.0056614,0.0987049
1232.8012801545433,20684,0.97044003,0.10704342
1233.985325397556,20045,0.98601276,0.10327311
1235.1688873171943,17645,1.0433216,0.09050621
1236.3519659134581,19489,1.0020254,0.099534735
1237.5345611863481,20896,0.97360426,0.106266335
1238.7166731358639,20050,0.99338895,0.1015339
1241.0794470647722,18165,1.0399777,0.09120578
1242.2601090441651,18835,1.0261186,0.09416323
1243.440287700184,21031,0.98007894,0.10469382
1244.6199830328283,20802,0.9869344,0.10305417
1245.7991950420983,19243,1.0227673,0.09489267
1246.9779237279945,18186,1.0492837,0.089272216
1248.1561690905162,21566,0.9769513,0.10545051
1250.511209845437,21101,0.9897623,0.10238532
1251.688005237836,19084,1.0348916,0.092280164
1252.8643173068608,18245,1.0558994,0.087922625
1254.0401460525113,21878,0.97850025,0.10507509
1255.2154914747875,21331,0.99119323,0.10204853
1256.3903535736895,19442,1.0331432,0.092652425
1258.738627801371,20453,1.0146149,0.096690774
1259.9120399301505,19759,1.031414,0.09302205
1261.0849687355558,20834,1.0101937,0.09768013
1262.2574142175865,21232,1.0040739,0.099066354
1263.4293763762432,18431,1.067993,0.08550803
1264.6008552115256,21298,1.0076624,0.09825115
1266.9423629119678,21826,1.0011029,0.09974636
1268.1123917771274,21431,1.0110544,0.09748675
1269.2819373189132,20836,1.0255976,0.09427628
1270.4509995373242,19533,1.0559438,0.08791362
1271.6195784323613,20918,1.0284774,0.09365318
1272.7876740040242,21772,1.0135173,0.09693548
1273.9552862523126,19176,1.0710583,0.08490666
1276.2890607787672,18884,1.0823206,0.08273312
1277.455223056933,21098,1.0363692,0.09196675
1278.6209020117244,23250,0.9963987,0.100832686
1279.7860976431418,20055,1.0625141,0.086593635
1280.950809951185,20571,1.0533879,0.088432536
1282.115038935854,21863,1.02883,0.09357719
1284.442046935069,22786,1.0145643,0.09670205
1285.6048259496151,20851,1.0549026,0.08812466
1286.767121640787,21502,1.0433383,0.090502724
1287.9289340085847,22256,1.0300412,0.09331656
1289.0902630530084,22129,1.0341914,0.09242908
1290.2511087740577,19287,1.095545,0.08025182
1292.5713502460335,22238,1.0366371,0.091910034
1293.73074599696,22288,1.0371132,0.09180933
1294.8896584245122,21092,1.0623937,0.08661763
1296.0480875286903,21246,1.060271,0.08704202
1297.2060333094942,24435,1.0005099,0.099882685
1298.3634957669237,23058,1.0266882,0.09403982
1299.5204749009793,19899,1.0916587,0.08097319
1301.8329831989672,19324,1.1061865,0.07830932
1302.9885123628999,18398,1.128327,0.07441714
1304.1435582034583,20434,1.0835533,0.08249862
1305.2981207206426,22577,1.0408223,0.09102858
1306.4521999144524,18939,1.1177106,0.0762587
1307.6057957848882,21890,1.0553968,0.088024415
1309.9115375556369,21737,1.0596567,0.087165214
1311.06368345595,20663,1.0822669,0.08274335
1312.2153460328886,20451,1.0876005,0.08173338
1313.3665252864532,23287,1.0320512,0.09288569
1314.5172212166435,22086,1.0558939,0.08792373
1315.6674338234598,18971,1.1222302,0.07546922
1317.9664090669692,18483,1.1341642,0.07342362
1319.1151717036626,20938,1.0801361,0.08315033
1320.2634510169817,20470,1.0900862,0.081266925
1321.4112470069265,18738,1.1286136,0.07436806
1322.5585596734973,16397,1.1868722,0.0650321
1323.7053890166935,16339,1.188709,0.06475764
1324.851735036516,18295,1.1398981,0.072460614
1327.1429771060375,20290,1.0957475,0.08021443
1328.287873155737,19356,1.116636,0.07644761
1329.4322858820622,19291,1.1186095,0.07610102
1330.5762152850134,18793,1.1301771,0.0741008
1331.7196613645901,17419,1.1633606,0.06864982
1332.8626241207926,15966,1.2013965,0.06289318
1335.147099663075,14449,1.2445785,0.056940526
1336.2886124491547,16685,1.1819994,0.06576587
1337.4296419118605,19111,1.1228607,0.075359724
1338.5701880511917,16103,1.1970557,0.06352494
1339.710250867149,15907,1.2021927,0.06277799
1340.8498303597319,16669,1.181897,0.06578137
1343.1275393747749,16631,1.182938,0.0656239
1344.2656688972352,15617,1.2101936,0.061632022
1345.403315096321,17394,1.1633917,0.0686449
1346.540477972033,16758,1.1795707,0.066134684
1347.6771575243702,15022,1.2267703,0.059323907
1348.8133537533336,14723,1.2352083,0.058182407
1349.9490666589224,12605,1.3023682,0.049846172
1352.2190424999778,14331,1.245553,0.056812912
1353.353305435444,16426,1.1857584,0.0651991
1354.4870850475363,13449,1.272383,0.053409316
1355.620381336254,15708,1.2047365,0.06241135
1356.7531943015977,15138,1.2205714,0.060176738
1357.885523943567,14018,1.2537397,0.055751983
1360.1487332573831,15915,1.1981888,0.063359424
1361.2796129292296,17750,1.1502746,0.07074983
1362.410009277702,16088,1.1923906,0.064210996
1363.5399223028003,12637,1.2966676,0.050504766
1364.6693520045242,15117,1.2182033,0.060505755
1365.798298382874,14438,1.23752,0.057873536
1368.0547411694508,13761,1.257251,0.05530304
1369.1822375776778,12807,1.2879716,0.051526234
1370.3092506625305,13821,1.254397,0.05566766
1371.4357804240092,12310,1.3041971,0.049636696
1372.5618268621133,12928,1.2823508,0.052197438
1373.6873899768434,13184,1.273263,0.053301208
1374.8124697681992,12355,1.3008946,0.050015587
1377.0611793807884,13422,1.2633402,0.054533046
1378.1848092020214,12579,1.2905946,0.051215965
1379.3079556998803,10991,1.3483788,0.044835422
1380.4306188743649,9486,1.4115082,0.03876964
1381.5527987254754,13208,1.26693,0.054084156
1382.6744952532115,12051,1.3057611,0.04945826
1384.9164383385614,9589,1.4030477,0.039532322
1386.0366848961748,10657,1.3561606,0.044039194
1387.156448130414,9039,1.426651,0.03744113
1388.2757280412789,9801,1.3904762,0.040693376
1389.39452462877,10566,1.3567582,0.04397864
1390.5128378928864,8136,1.4691792,0.03394852
1392.7480144509968,7593,1.4970767,0.031836346
1393.8648777449905,8673,1.4385828,0.036426485
1394.9812577156101,9832,1.3833727,0.041364454
1396.0971543628555,7095,1.5243545,0.029898232
1397.2125676867267,7267,1.513241,0.03067319
1398.3274976872235,8008,1.470364,0.033856027
1399.4419443643462,8752,1.4308857,0.037077833
1401.6693877484688,7859,1.4758337,0.03343231
1402.7823844554687,4817,1.687468,0.020536762
1403.8948978390945,6888,1.5311933,0.029431118
1405.006927899346,9502,1.3905128,0.040689956
1406.1184746362233,8215,1.452944,0.03524163
1407.2295380497262,6410,1.5599178,0.0275475
1409.4502149066095,7336,1.4997458,0.031641282
1410.5598283499899,8491,1.4354627,0.03668912
1411.668958469996,8053,1.4576806,0.03485936
1412.7776052666277,5437,1.6275697,0.023573842
1413.8857687398854,6892,1.5238732,0.029931381
1414.9934488897686,8622,1.4258988,0.037506036
1416.1006457162778,8596,1.4264995,0.037454195
1418.3135893991735,9498,1.3812369,0.041568376
1419.4193362555598,8366,1.4353846,0.03669572
1420.524599788572,6149,1.5685071,0.027008034
1421.62937999821,5540,1.6132101,0.024366321
1422.7336768844737,4388,1.7138625,0.019325798
1423.837490447363,5987,1.5785908,0.026388166
1426.0436676030195,8147,1.4439708,0.035977356
1427.1460311957862,7014,1.5085422,0.031006861
1428.2479114651787,4956,1.6589156,0.02193231
1429.349308411197,6416,1.546321,0.028423589
1430.450222033841,8210,1.4387938,0.03640879
1431.550652333111,5528,1.6101199,0.024540313
1433.7500629615279,7405,1.482277,0.032939952
1434.8490432906751,6797,1.5190461,0.030265924
1435.9475402964479,5923,1.5783824,0.02640083
1437.0455539788466,7198,1.4936522,0.032088373
1438.143084337871,2758,1.9102099,0.012296745
1439.240131373521,5305,1.6260606,0.023655895
1440.3366950857971,8972,1.3979574,0.039998394
1442.5283725402264,5725,1.5932726,0.025511
1443.6234862823794,8178,1.4384899,0.03643427
1444.7181167011586,7351,1.4848796,0.032743145
1445.8122637965635,5746,1.5919513,0.025588728
1446.9059275685938,5507,1.6103052,0.024529848
1447.9991080172501,4205,1.7273556,0.0187346
1450.1840189444401,5974,1.5748022,0.026619375
1451.2757494229736,8210,1.4367648,0.03657928
1452.366996578133,5296,1.6272026,0.023593774
1453.4577604099181,3887,1.7615244,0.017317116
1454.548040918329,5698,1.5954049,0.025386048
1455.6378381033658,8172,1.4387603,0.036411595
1457.8159825033163,3920,1.7575296,0.01747714
1458.9043297182302,6709,1.523974,0.029924441
1459.9921936097699,6359,1.5470569,0.028375471
1461.0795741779355,5895,1.5797235,0.026319431
1462.1664714227268,5211,1.6330457,0.023278462
1463.2528853441436,8930,1.3988767,0.039913826
1464.3388159421866,7524,1.4730327,0.03364862
1466.5092271681492,4992,1.6507133,0.022350471
1467.5937077960693,4951,1.653943,0.022184882
1468.6777051006152,4385,1.7063138,0.019664647
1469.7612190817867,5750,1.5882629,0.025806973
1470.844249739584,7497,1.472425,0.033695746
1471.9267970740073,7586,1.4665298,0.034156248
1474.0904417727309,4772,1.6661829,0.021568362
1475.1715391370312,5952,1.5693302,0.026956888
1476.2521531779573,7249,1.482825,0.03289841
1477.3322838955094,7743,1.4532547,0.035216425
1478.4119312896871,5566,1.5956795,0.025369998
1479.4910953604906,6114,1.553958,0.027928138
1481.647973531975,6504,1.5252959,0.029833494
1482.7256876326555,4573,1.6773719,0.02101978
1483.802918409962,7833,1.4427577,0.036077987
1484.8796658638944,7019,1.4895215,0.032395035
1485.9559299944524,5449,1.5986052,0.025199668
1487.0317108016363,5674,1.5804217,0.026277157
1488.1070082854458,7929,1.4344807,0.036772173
1490.2561532829423,6878,1.4950289,0.03198683
1491.3300007966293,5252,1.611568,0.024458623
1492.4033649869418,7277,1.4693433,0.033935692
1493.4762458538803,7590,1.4503384,0.035453703
1494.5486433974445,6662,1.5062588,0.031170314
1495.6205576176344,5331,1.6023369,0.024984065
1497.7629360878916,5134,1.617132,0.024147272
1498.833400337959,8447,1.4001063,0.03980097
1499.903381264652,7127,1.4731218,0.033641726
1500.9728788679706,4992,1.6267996,0.023615677
1502.0418931479153,6593,1.5048968,0.031268228
1503.1104241044854,5586,1.5757837,0.026559277
1505.2460360475034,6159,1.5313005,0.029423848
1506.313117033951,6324,1.5187802,0.030284455
1507.3797146970244,4680,1.6484455,0.022467487
1508.4458290367234,4513,1.6631447,0.021719774
1509.5114600530483,5891,1.5463369,0.028422551
1510.576607745999,7688,1.4296132,0.037186626
1511.6412721155752,4996,1.6157042,0.024226788
1513.7691508846056,6891,1.4736389,0.033601686
1514.8323652840593,6417,1.5032805,0.031384803
1515.8950963601387,5537,1.5660298,0.02716253
1516.9573441128439,5106,1.6007972,0.025072798
1518.019108542175,8096,1.4003131,0.039782025
1519.0803896481316,7008,1.462697,0.03445902
1521.2015018899226,5121,1.5981048,0.025228715
1522.2613330257566,5505,1.566287,0.027146444
1523.3206808382165,6343,1.504244,0.03131526
1524.379545327302,6436,1.4974142,0.03181162
1525.4379264930135,6226,1.5113121,0.030809732
1526.4958243353506,6233,1.5101315,0.0308936
1528.610170049902,4534,1.6469564,0.022544652
1529.6666179221165,5904,1.5317038,0.029396534
1530.7225824709567,7440,1.4306866,0.037094835
1531.7780636964226,8003,1.3983934,0.03995826
1532.8330615985142,3165,1.8007019,0.015823338
1533.8875761772317,4996,1.6018796,0.025010388
1534.941607432575,7518,1.4238254,0.037685532
1537.0482199731387,6941,1.4572412,0.034894653
1538.1008012583593,5069,1.5931051,0.025520839
1539.1528992202057,6104,1.511774,0.030776989
1540.2045138586777,7412,1.4266398,0.037442096
1541.2556451737755,6834,1.4610856,0.034587122
1542.306293165499,4081,1.6841756,0.020693047
1544.4061391788234,5504,1.552799,0.028002767
1545.4553372004243,7270,1.4312088,0.03705025
1546.5040518986511,6505,1.4788581,0.033200294
1547.5522832735035,8263,1.3743709,0.042230774
1548.6000313249815,7226,1.4320133,0.036981687
1549.6472960530855,5180,1.5758095,0.0265577
1551.7403755391706,6627,1.4672698,0.0340981
1552.786190297152,6014,1.508692,0.030996166
1553.831521731759,6364,1.4833927,0.03285544
1554.8763698429916,6178,1.4955367,0.031949442
1555.9207346308503,6549,1.4692,0.03394689
1556.9646160953346,6886,1.4463937,0.03577719
1558.0080142364445,6378,1.4786552,0.03321581
1560.093360548542,5514,1.5401688,0.02882911
1561.1353087195293,5300,1.5567234,0.02775087
1562.1767735671424,2450,1.8911687,0.012847876
1563.2177550913814,4894,1.590003,0.025703782
1564.258253292246,8198,1.3652856,0.043123536
1565.2982681697365,3694,1.710614,0.019470902
1567.3768479545945,7821,1.3830662,0.041393656
1568.4154128619623,6737,1.447135,0.03571618
1569.4534944459558,5090,1.5681533,0.027030041
1570.491092706575,5985,1.4970683,0.031836968
1571.52820764382,2198,1.9311727,0.0117172925
1572.5648392576907,4751,1.5954767,0.02538185
1574.6366525153096,8372,1.3475375,0.044922356
1575.6718341590577,8163,1.3576164,0.043891817
1576.7065324794314,5930,1.4955513,0.031948365
1577.740747476431,6083,1.4835255,0.032845397
1578.7744791500563,5896,1.4961163,0.031906832
1579.8077275003075,6625,1.444509,0.035932787
1580.8404925271843,6685,1.4396102,0.036340408
1582.9045726108154,6716,1.4356701,0.036671598
1583.9358876675697,6156,1.4725065,0.033689417
1584.9667194009494,6200,1.4683926,0.03401006
1585.9970678109553,6705,1.4333575,0.0368674
1587.0269328975867,6111,1.4726088,0.033681482
1588.056314660844,5153,1.5454457,0.028480943
1590.1136282172356,4914,1.5636877,0.027309407
1591.14156001037,3880,1.665027,0.02162584
1592.1690084801305,5196,1.5369145,0.029045945
1593.1959736265167,6913,1.4116309,0.03875869
1594.2224554495283,6184,1.4590163,0.03475231
1595.2484539491659,6787,1.4175891,0.03823059
1597.2990009783184,6092,1.4620832,0.03450776
1598.3235495078334,5009,1.5456827,0.028465403
1599.347614713974,3863,1.6570876,0.022024823
1600.3711965967404,4843,1.5574021,0.027707534
1601.3942951561326,5784,1.4787775,0.033206455
1602.4169103921504,6744,1.4105647,0.03885397
1603.4390423047942,3554,1.687168,0.020550955
1605.4818561599589,7086,1.3843211,0.041274223
1606.5025381024798,6243,1.4378618,0.03648701
1607.5227367216266,4978,1.5347179,0.029193228
1608.5424520173992,3975,1.6309432,0.023391435
1609.5616839897975,5564,1.483375,0.03285678
1610.5804326388215,6059,1.4448326,0.035906035
1612.616479966747,6488,1.4118054,0.03874312
1613.6337786456484,4388,1.5798618,0.026311055
1614.6505940011753,6969,1.3771547,0.041960947
1615.6669260333283,6054,1.4362699,0.036620997
1616.6827747421069,4650,1.5488265,0.02826009
1617.6981401275114,4591,1.5522872,0.028035786
1619.7274209281973,6648,1.3864163,0.041075576
1620.7413363434791,5712,1.4498866,0.035490606
1621.7547684353865,4608,1.540716,0.028792802
1622.7677172039198,4260,1.572408,0.026766527
1623.7801826490788,7156,1.3447227,0.045214448
1624.7921647708636,6023,1.4171394,0.038270187
1625.803663569274,4266,1.5643824,0.027265755
1627.8252111959723,4898,1.4992329,0.031678684
1628.8352600242602,4855,1.5001341,0.03161301
1629.8448255291737,5518,1.4415907,0.03617507
1630.8539077107132,5944,1.4063224,0.03923536
1631.8625065688782,6301,1.3781328,0.041866552
1632.8706221036691,4572,1.5150024,0.03054904
1634.8854032031281,5107,1.4625915,0.0344674
1635.8920687677964,5336,1.4413524,0.03619492
1636.8982510090902,5923,1.3938173,0.04038152
1637.90394992701,7861,1.2686906,0.05386534
1638.9091655215555,6426,1.3540169,0.04425711
1639.9138977927266,3948,1.5633464,0.027330877
1641.9219123649464,3863,1.5679525,0.027042542
1642.925194665995,4080,1.5417566,0.0287239
1643.9279936436692,4670,1.4805208,0.03307342
1644.9303092979692,5415,1.4136356,0.03858019
1645.9321416288951,6582,1.3264498,0.047157444
1646.9334906364468,1698,1.9134612,0.012205027
1647.934356320624,3763,1.5664233,0.027137933
1649.934637718856,6882,1.300809,0.05002544
1650.9340534329106,3269,1.6221123,0.023871943
1651.932985823591,1686,1.9076223,0.012370226
1652.9314348908972,3580,1.5783799,0.026400985
1653.929400634829,6537,1.3146142,0.04846027
1654.926883055387,6685,1.3025734,0.04982262
1656.9203979263796,5842,1.3551886,0.04413787
1657.9164303768146,4988,1.4207648,0.03795205
1658.9119795038753,3555,1.5647277,0.027244093
1659.907045307562,4064,1.5028127,0.031418633
1660.901627787874,1882,1.8292252,0.014817498
1661.8957269448122,3501,1.550513,0.028150555
1663.8824752885655,5639,1.3218671,0.047657683
1664.875124475381,3636,1.5014013,0.03152091
1665.867290338822,4280,1.418065,0.038188715
1666.8589728788888,3972,1.4377673,0.03649494
1667.8501720955815,3546,1.4740773,0.033567782
1668.8408879888998,3117,1.5150805,0.03054355
1669.831120558844,3882,1.4044292,0.039406765
1671.8101357286098,3856,1.3735577,0.04230993
1672.7989183284312,3576,1.3876715,0.040957037
1673.7872176048784,5041,1.2200842,0.060244277
1674.7750335579512,6486,1.0911727,0.08106385
1675.76236618765,4764,1.2049681,0.062378064
1676.7492154939746,1530,1.6772132,0.021027459
1678.721464136501,2318,1.4516845,0.035343986
1679.7068634727027,1385,1.6511871,0.022326106
1680.6917794855303,2145,1.4379278,0.036481455
1681.6762121749837,3340,1.2211955,0.060090315
1682.6601615410627,1264,1.6175345,0.0241249
1683.6436275837677,5959,0.92000175,0.120225966
1684.6266103030985,3697,1.1020064,0.07906669
1686.5911257716368,77,2.7321327,0.0018529659
1687.572658520845,182,2.3328934,0.0046462943
1688.5537079466785,4858,0.88412046,0.13058087
1689.534274049138,3040,1.068076,0.08549172
1690.5143568282233,5,3.8310888,1.475405E-4
1691.4939562839343,1512,1.3281962,0.04696819
1693.4517052252336,-31,NaN,-0.00104875
1694.4298547108217,943,1.4759067,0.033426676
1695.4075208730358,2268,1.0732042,0.08448815
1696.3847037118755,270,1.9801213,0.010468362
1697.3614032273413,-2074,NaN,-0.0838861
1698.3376194194325,-54,NaN,-0.002284264
1700.2886018334925,3042,0.85545665,0.1394901
1701.2633680554611,1837,1.0554549,0.08801265
